freq,lsu,farmtype,animals,unit,geo\TIME_PERIOD	2005 	2007 	2010 	2013 	2016 	2020 	2023 
A,TOTAL,TOTAL,A0010X1000,HLD,AT	117980 	111140 	102070 	97000 	89160 	78520 	72760 
A,TOTAL,TOTAL,A0010X1000,HLD,BE	37080 	34360 	30170 	26460 	24410 	21840 	: 
A,TOTAL,TOTAL,A0010X1000,HLD,BG	473180 	409640 	264810 	172420 	122020 	62010 	45440 i
A,TOTAL,TOTAL,A0010X1000,HLD,CH	53550 	51520 	48680 	: 	42920 	41390 	: 
A,TOTAL,TOTAL,A0010X1000,HLD,CY	11750 	11170 	9710 	10250 	9690 	8130 	6690 
A,TOTAL,TOTAL,A0010X1000,HLD,CZ	30060 	26820 	14820 	17860 	17760 	16260 	16840 
A,TOTAL,TOTAL,A0010X1000,HLD,DE	258840 	241060 	200310 	183790 	169980 	154120 	144780 
A,TOTAL,TOTAL,A0010X1000,HLD,DK	26960 	24040 	20570 	18710 	16640 	17130 	: 
A,TOTAL,TOTAL,A0010X1000,HLD,EE	17480 	12720 	8380 	7120 	5730 	4160 	3630 
A,TOTAL,TOTAL,A0010X1000,HLD,EL	400920 	369200 	266270 	249600 	233170 	124200 	117790 
A,TOTAL,TOTAL,A0010X1000,HLD,ES	310490 	291200 	229530 	205070 	197150 	169400 	151730 i
A,TOTAL,TOTAL,A0010X1000,HLD,EU27_2020	: 	8344140 	6551460 	5910630 	5401590 	4071480 	: 
A,TOTAL,TOTAL,A0010X1000,HLD,FI	26820 	23760 	19490 	16740 	14550 	11860 	: 
A,TOTAL,TOTAL,A0010X1000,HLD,FR	349100 	316340 	281700 	250170 	226500 	192810 	173160 
A,TOTAL,TOTAL,A0010X1000,HLD,HR	: 	161550 	192600 	121560 	87510 	81800 	80060 
A,TOTAL,TOTAL,A0010X1000,HLD,HU	489640 	428150 	368600 	298230 	244620 	110220 	70720 
A,TOTAL,TOTAL,A0010X1000,HLD,IE	126800 	119530 	124040 	125610 	124420 	118800 	: 
A,TOTAL,TOTAL,A0010X1000,HLD,IS	: 	: 	2250 	: 	: 	2030 	: 
A,TOTAL,TOTAL,A0010X1000,HLD,IT	286020 	291130 	183800 	159040 	145020 	191390 	: 
A,TOTAL,TOTAL,A0010X1000,HLD,LT	222340 	182140 	126170 	114210 	91160 	71280 	58220 i
A,TOTAL,TOTAL,A0010X1000,HLD,LU	1870 	1660 	1620 	1520 	1450 	1370 	1300 
A,TOTAL,TOTAL,A0010X1000,HLD,LV	82740 	70690 	47300 	41150 	42630 	25900 	: 
A,TOTAL,TOTAL,A0010X1000,HLD,ME	: 	: 	32740 	: 	: 	: 	: 
A,TOTAL,TOTAL,A0010X1000,HLD,MK	: 	: 	: 	94410 	: 	: 	: 
A,TOTAL,TOTAL,A0010X1000,HLD,MT	2520 	2560 	2350 	2490 	2520 	1750 	1140 
A,TOTAL,TOTAL,A0010X1000,HLD,NL	50310 	47850 	45230 	41560 	34600 	31500 	29520 
A,TOTAL,TOTAL,A0010X1000,HLD,NO	36660 	33610 	30160 	28280 	27420 	25480 	: 
A,TOTAL,TOTAL,A0010X1000,HLD,PL	1525870 	1513320 	898250 	780590 	693900 	552110 	: 
A,TOTAL,TOTAL,A0010X1000,HLD,PT	228030 	192530 	197510 	164940 	164100 	143830 	142260 
A,TOTAL,TOTAL,A0010X1000,HLD,RO	3422380 	3311020 	2810840 	2703790 	2547450 	1803910 	1958010 
A,TOTAL,TOTAL,A0010X1000,HLD,RS	: 	: 	489030 	: 	: 	: 	: 
A,TOTAL,TOTAL,A0010X1000,HLD,SE	34290 	32080 	30000 	27580 	24960 	22460 	22280 
A,TOTAL,TOTAL,A0010X1000,HLD,SI	66000 	62670 	57310 	56320 	54760 	44040 	: 
A,TOTAL,TOTAL,A0010X1000,HLD,SK	57380 	55830 	18050 	16830 	15730 	10700 	8540 
A,TOTAL,TOTAL,A0010X1000,HLD,UK	165710 	143020 	127910 	127610 	126930 	: 	: 
A,TOTAL,TOTAL,A2000,HLD,AT	82070 	76730 	71940 	66210 	59970 	54800 	51410 
A,TOTAL,TOTAL,A2000,HLD,BE	30840 	28460 	24950 	21990 	20390 	17540 	: 
A,TOTAL,TOTAL,A2000,HLD,BG	168370 	133330 	95870 	69880 	54580 	31660 	21930 i
A,TOTAL,TOTAL,A2000,HLD,CH	45430 	43720 	41100 	: 	36140 	35200 	: 
A,TOTAL,TOTAL,A2000,HLD,CY	310 	290 	280 	250 	240 	310 	340 
A,TOTAL,TOTAL,A2000,HLD,CZ	15250 	13960 	10080 	11530 	11620 	12010 	12900 
A,TOTAL,TOTAL,A2000,HLD,DE	183370 	169690 	144850 	130430 	121470 	108030 	100730 
A,TOTAL,TOTAL,A2000,HLD,DK	16880 	15610 	13580 	12480 	11590 	12710 	: 
A,TOTAL,TOTAL,A2000,HLD,EE	10780 	7420 	4620 	3820 	3250 	2620 	2220 
A,TOTAL,TOTAL,A2000,HLD,EL	23380 	21520 	16790 	15940 	14750 	10900 	10000 
A,TOTAL,TOTAL,A2000,HLD,ES	136070 	124010 	111840 	99550 	96460 	90650 	82470 i
A,TOTAL,TOTAL,A2000,HLD,EU27_2020	: 	3290930 	2535310 	2195220 	1925480 	1502520 	: 
A,TOTAL,TOTAL,A2000,HLD,FI	21470 	18620 	15640 	13420 	11790 	9300 	: 
A,TOTAL,TOTAL,A2000,HLD,FR	238480 	219960 	199620 	180410 	169860 	146230 	132510 
A,TOTAL,TOTAL,A2000,HLD,HR	: 	54370 	47340 	34990 	24100 	18500 	16260 
A,TOTAL,TOTAL,A2000,HLD,HU	25110 	19800 	19120 	18170 	18240 	16590 	13980 
A,TOTAL,TOTAL,A2000,HLD,IE	112820 	104930 	111000 	111320 	109400 	103390 	: 
A,TOTAL,TOTAL,A2000,HLD,IS	: 	: 	910 	: 	: 	740 	: 
A,TOTAL,TOTAL,A2000,HLD,IT	143800 	146990 	125880 	105970 	97560 	96180 	: 
A,TOTAL,TOTAL,A2000,HLD,LT	181470 	132600 	93050 	75340 	62290 	37280 	29610 i
A,TOTAL,TOTAL,A2000,HLD,LU	1560 	1480 	1460 	1340 	1260 	1190 	1130 
A,TOTAL,TOTAL,A2000,HLD,LV	54270 	47350 	35100 	28960 	24140 	16400 	: 
A,TOTAL,TOTAL,A2000,HLD,ME	: 	: 	24620 	: 	: 	: 	: 
A,TOTAL,TOTAL,A2000,HLD,MK	: 	: 	: 	38270 	: 	: 	: 
A,TOTAL,TOTAL,A2000,HLD,MT	310 	230 	290 	300 	350 	240 	210 
A,TOTAL,TOTAL,A2000,HLD,NL	37320 	35260 	32830 	30240 	26630 	24020 	22480 
A,TOTAL,TOTAL,A2000,HLD,NO	21770 	19630 	16900 	15170 	14100 	13040 	: 
A,TOTAL,TOTAL,A2000,HLD,PL	783490 	718260 	514120 	424400 	343220 	273760 	: 
A,TOTAL,TOTAL,A2000,HLD,PT	61830 	52130 	50040 	40730 	43380 	36100 	31620 
A,TOTAL,TOTAL,A2000,HLD,RO	1233370 	1067730 	728020 	635220 	541140 	331620 	295870 
A,TOTAL,TOTAL,A2000,HLD,RS	: 	: 	177290 	: 	: 	: 	: 
A,TOTAL,TOTAL,A2000,HLD,SE	26180 	23880 	21590 	18960 	17050 	15430 	14560 
A,TOTAL,TOTAL,A2000,HLD,SI	43680 	40840 	36120 	34090 	32810 	28600 	: 
A,TOTAL,TOTAL,A2000,HLD,SK	16620 	15450 	9310 	9290 	7950 	6460 	4980 
A,TOTAL,TOTAL,A2000,HLD,UK	107810 	94620 	85760 	83630 	81590 	: 	: 
A,TOTAL,TOTAL,A3100,HLD,AT	52350 	45490 	37760 	29420 	26340 	24730 	22280 
A,TOTAL,TOTAL,A3100,HLD,BE	7720 	6990 	5890 	4970 	4530 	4230 	: 
A,TOTAL,TOTAL,A3100,HLD,BG	190860 	153860 	82270 	50100 	30140 	3370 	3090 i
A,TOTAL,TOTAL,A3100,HLD,CH	11770 	10420 	8850 	: 	6640 	5650 	: 
A,TOTAL,TOTAL,A3100,HLD,CY	600 	740 	630 	500 	420 	160 	150 
A,TOTAL,TOTAL,A3100,HLD,CZ	14590 	11390 	4000 	5040 	4040 	3100 	2700 
A,TOTAL,TOTAL,A3100,HLD,DE	88680 	79420 	60100 	49140 	40210 	31850 	27600 
A,TOTAL,TOTAL,A3100,HLD,DK	9020 	7210 	5070 	3860 	3290 	2970 	: 
A,TOTAL,TOTAL,A3100,HLD,EE	4710 	2890 	1550 	750 	150 	70 	70 
A,TOTAL,TOTAL,A3100,HLD,EL	44510 	33310 	19330 	18940 	17830 	5910 	4770 
A,TOTAL,TOTAL,A3100,HLD,ES	115760 	108160 	69770 	51770 	44930 	34370 	31710 i
A,TOTAL,TOTAL,A3100,HLD,EU27_2020	: 	3614130 	2872680 	2181200 	1955750 	1181040 	: 
A,TOTAL,TOTAL,A3100,HLD,FI	3080 	2820 	2080 	1640 	1240 	920 	: 
A,TOTAL,TOTAL,A3100,HLD,FR	41890 	35290 	24450 	18520 	16320 	14400 	14190 
A,TOTAL,TOTAL,A3100,HLD,HR	: 	106060 	128060 	75590 	54830 	45810 	35710 
A,TOTAL,TOTAL,A3100,HLD,HU	316480 	282510 	183100 	133930 	111480 	48450 	24740 
A,TOTAL,TOTAL,A3100,HLD,IE	840 	800 	1210 	1290 	1340 	1380 	: 
A,TOTAL,TOTAL,A3100,HLD,IS	: 	: 	20 	: 	: 	20 	: 
A,TOTAL,TOTAL,A3100,HLD,IT	102780 	100950 	26200 	23640 	24950 	38150 	: 
A,TOTAL,TOTAL,A3100,HLD,LT	151830 	95300 	62710 	57400 	31930 	8380 	4890 i
A,TOTAL,TOTAL,A3100,HLD,LU	210 	180 	140 	110 	100 	70 	70 
A,TOTAL,TOTAL,A3100,HLD,LV	39050 	29570 	18170 	12710 	11500 	3650 	: 
A,TOTAL,TOTAL,A3100,HLD,ME	: 	: 	13470 	: 	: 	: 	: 
A,TOTAL,TOTAL,A3100,HLD,MK	: 	: 	: 	43720 	: 	: 	: 
A,TOTAL,TOTAL,A3100,HLD,MT	140 	140 	130 	110 	100 	90 	80 
A,TOTAL,TOTAL,A3100,HLD,NL	9690 	8690 	7030 	5530 	4510 	3560 	3190 
A,TOTAL,TOTAL,A3100,HLD,NO	3470 	2970 	2470 	2270 	2440 	1940 	: 
A,TOTAL,TOTAL,A3100,HLD,PL	701660 	664020 	388460 	278400 	172250 	85010 	: 
A,TOTAL,TOTAL,A3100,HLD,PT	82620 	67140 	50080 	40590 	39670 	28360 	27970 
A,TOTAL,TOTAL,A3100,HLD,RO	1753420 	1697580 	1655580 	1283280 	1283580 	775570 	896110 
A,TOTAL,TOTAL,A3100,HLD,RS	: 	: 	355050 	: 	: 	: 	: 
A,TOTAL,TOTAL,A3100,HLD,SE	2790 	2290 	1700 	1280 	1250 	1150 	1160 
A,TOTAL,TOTAL,A3100,HLD,SI	33950 	31690 	26440 	23700 	22650 	12310 	: 
A,TOTAL,TOTAL,A3100,HLD,SK	41670 	39620 	10780 	8990 	6170 	3030 	2260 
A,TOTAL,TOTAL,A3100,HLD,UK	11470 	9770 	9990 	10190 	9950 	: 	: 
A,TOTAL,TOTAL,A4100,HLD,AT	14740 	15020 	14500 	13780 	13760 	12540 	11850 
A,TOTAL,TOTAL,A4100,HLD,BE	4050 	3890 	3300 	3150 	2500 	2800 	: 
A,TOTAL,TOTAL,A4100,HLD,BG	176180 	137750 	91790 	57200 	39090 	22350 	16080 i
A,TOTAL,TOTAL,A4100,HLD,CH	11230 	10810 	9780 	: 	8360 	7920 	: 
A,TOTAL,TOTAL,A4100,HLD,CY	1610 	1450 	1390 	1390 	1380 	1510 	1340 
A,TOTAL,TOTAL,A4100,HLD,CZ	5540 	5540 	4190 	4900 	5730 	4150 	4040 
A,TOTAL,TOTAL,A4100,HLD,DE	30320 	28080 	22270 	19980 	19560 	19870 	20190 
A,TOTAL,TOTAL,A4100,HLD,DK	3170 	2780 	2570 	2510 	2090 	1840 	: 
A,TOTAL,TOTAL,A4100,HLD,EE	3190 	2470 	1950 	1780 	1600 	1180 	1000 
A,TOTAL,TOTAL,A4100,HLD,EL	127940 	132080 	91930 	94450 	86030 	56760 	52290 
A,TOTAL,TOTAL,A4100,HLD,ES	85250 	79140 	68980 	64040 	63730 	60880 	53820 i
A,TOTAL,TOTAL,A4100,HLD,EU27_2020	: 	1130520 	876290 	781790 	715460 	574840 	: 
A,TOTAL,TOTAL,A4100,HLD,FI	1720 	1890 	1350 	1440 	1470 	1260 	: 
A,TOTAL,TOTAL,A4100,HLD,FR	72890 	66060 	56480 	48110 	44490 	34010 	32010 
A,TOTAL,TOTAL,A4100,HLD,HR	: 	23120 	30030 	24320 	16780 	16380 	16310 
A,TOTAL,TOTAL,A4100,HLD,HU	21870 	21780 	26780 	24520 	24460 	15020 	12070 
A,TOTAL,TOTAL,A4100,HLD,IE	42380 	39030 	32110 	36550 	36800 	34890 	: 
A,TOTAL,TOTAL,A4100,HLD,IS	: 	: 	1990 	: 	: 	1760 	: 
A,TOTAL,TOTAL,A4100,HLD,IT	74880 	75380 	51100 	54640 	50650 	56460 	: 
A,TOTAL,TOTAL,A4100,HLD,LT	4040 	4130 	4320 	6960 	9500 	8030 	6950 i
A,TOTAL,TOTAL,A4100,HLD,LU	270 	220 	220 	220 	240 	240 	250 
A,TOTAL,TOTAL,A4100,HLD,LV	4580 	4400 	3800 	3980 	3730 	3010 	: 
A,TOTAL,TOTAL,A4100,HLD,ME	: 	: 	6090 	: 	: 	: 	: 
A,TOTAL,TOTAL,A4100,HLD,MK	: 	: 	: 	7410 	: 	: 	: 
A,TOTAL,TOTAL,A4100,HLD,MT	1060 	1030 	1080 	1010 	1420 	950 	760 
A,TOTAL,TOTAL,A4100,HLD,NL	14370 	13810 	12870 	12340 	8530 	8280 	8190 
A,TOTAL,TOTAL,A4100,HLD,NO	17540 	16080 	14900 	14500 	14710 	13880 	: 
A,TOTAL,TOTAL,A4100,HLD,PL	16100 	16460 	11230 	9720 	9540 	9480 	: 
A,TOTAL,TOTAL,A4100,HLD,PT	55960 	46550 	51790 	44070 	45780 	42670 	41020 
A,TOTAL,TOTAL,A4100,HLD,RO	486530 	390560 	272280 	232390 	208360 	144870 	141680 
A,TOTAL,TOTAL,A4100,HLD,RS	: 	: 	154970 	: 	: 	: 	: 
A,TOTAL,TOTAL,A4100,HLD,SE	7650 	8020 	8660 	8870 	8720 	7960 	8330 
A,TOTAL,TOTAL,A4100,HLD,SI	5750 	5920 	6180 	6240 	6150 	5050 	: 
A,TOTAL,TOTAL,A4100,HLD,SK	2650 	3950 	3150 	3240 	3380 	2420 	1790 
A,TOTAL,TOTAL,A4100,HLD,UK	82960 	76660 	70120 	72060 	74000 	: 	: 
A,TOTAL,TOTAL,A4200,HLD,AT	9340 	9730 	9680 	9410 	8410 	8010 	8080 
A,TOTAL,TOTAL,A4200,HLD,BE	1020 	990 	950 	980 	730 	870 	: 
A,TOTAL,TOTAL,A4200,HLD,BG	163100 	113770 	84580 	45420 	26740 	11950 	8050 i
A,TOTAL,TOTAL,A4200,HLD,CH	6590 	6640 	6980 	: 	6350 	6510 	: 
A,TOTAL,TOTAL,A4200,HLD,CY	2720 	2540 	1990 	1800 	1610 	1590 	1460 
A,TOTAL,TOTAL,A4200,HLD,CZ	2910 	2350 	1410 	1580 	1780 	1560 	1530 
A,TOTAL,TOTAL,A4200,HLD,DE	: 	: 	11220 	10760 	9330 	10460 	10360 
A,TOTAL,TOTAL,A4200,HLD,DK	570 	720 	720 	690 	620 	510 	: 
A,TOTAL,TOTAL,A4200,HLD,EE	1160 	820 	590 	530 	410 	230 	200 
A,TOTAL,TOTAL,A4200,HLD,EL	117170 	111510 	71590 	68270 	64050 	36980 	31020 
A,TOTAL,TOTAL,A4200,HLD,ES	38650 	35980 	29860 	27790 	28420 	29110 	24440 i
A,TOTAL,TOTAL,A4200,HLD,EU27_2020	: 	670530 	535920 	446720 	378420 	291990 	: 
A,TOTAL,TOTAL,A4200,HLD,FI	410 	460 	170 	170 	160 	130 	: 
A,TOTAL,TOTAL,A4200,HLD,FR	21990 	19590 	17510 	14260 	11350 	11920 	11130 
A,TOTAL,TOTAL,A4200,HLD,HR	: 	12600 	12250 	7200 	4470 	3780 	3320 
A,TOTAL,TOTAL,A4200,HLD,HU	20650 	15440 	19820 	19250 	16750 	5210 	3050 
A,TOTAL,TOTAL,A4200,HLD,IE	1700 	1290 	1200 	1160 	1050 	980 	: 
A,TOTAL,TOTAL,A4200,HLD,IS	: 	: 	60 	: 	: 	120 	: 
A,TOTAL,TOTAL,A4200,HLD,IT	30960 	33420 	22760 	23470 	21710 	30720 	: 
A,TOTAL,TOTAL,A4200,HLD,LT	21130 	12150 	6110 	5640 	2830 	2520 	2210 i
A,TOTAL,TOTAL,A4200,HLD,LU	130 	100 	100 	110 	120 	130 	140 
A,TOTAL,TOTAL,A4200,HLD,LV	5000 	4490 	2050 	2480 	2100 	2110 	: 
A,TOTAL,TOTAL,A4200,HLD,ME	: 	: 	3580 	: 	: 	: 	: 
A,TOTAL,TOTAL,A4200,HLD,MK	: 	: 	: 	19550 	: 	: 	: 
A,TOTAL,TOTAL,A4200,HLD,MT	530 	530 	600 	500 	530 	500 	480 
A,TOTAL,TOTAL,A4200,HLD,NL	4560 	4170 	3720 	3460 	2660 	3050 	3320 
A,TOTAL,TOTAL,A4200,HLD,NO	1270 	1320 	1360 	1280 	1270 	1380 	: 
A,TOTAL,TOTAL,A4200,HLD,PL	50690 	51110 	22710 	19420 	9970 	7240 	: 
A,TOTAL,TOTAL,A4200,HLD,PT	37420 	30120 	32510 	28440 	26640 	22880 	20580 
A,TOTAL,TOTAL,A4200,HLD,RO	185380 	198730 	176270 	148670 	129920 	95090 	76300 
A,TOTAL,TOTAL,A4200,HLD,RS	: 	: 	62930 	: 	: 	: 	: 
A,TOTAL,TOTAL,A4200,HLD,SE	: 	: 	0 	: 	: 	0 	0 
A,TOTAL,TOTAL,A4200,HLD,SI	4110 	4130 	4210 	4020 	4600 	3390 	: 
A,TOTAL,TOTAL,A4200,HLD,SK	3360 	3790 	1350 	1240 	1470 	1070 	840 
A,TOTAL,TOTAL,A4200,HLD,UK	10860 	5520 	4280 	4210 	4520 	: 	: 
A,TOTAL,TOTAL,A5000,HLD,AT	65500 	59640 	55110 	54920 	52700 	47030 	45230 
A,TOTAL,TOTAL,A5000,HLD,BE	5430 	4770 	3640 	3300 	2090 	1940 	: 
A,TOTAL,TOTAL,A5000,HLD,BG	380720 	317440 	185460 	109580 	68320 	24890 	20250 i
A,TOTAL,TOTAL,A5000,HLD,CH	17520 	15950 	13970 	: 	12800 	13850 	: 
A,TOTAL,TOTAL,A5000,HLD,CY	9450 	9090 	7790 	8680 	8280 	6450 	5150 
A,TOTAL,TOTAL,A5000,HLD,CZ	19590 	15540 	5430 	8280 	7440 	4950 	4050 
A,TOTAL,TOTAL,A5000,HLD,DE	83400 	77700 	60450 	58690 	47560 	49660 	42690 
A,TOTAL,TOTAL,A5000,HLD,DK	3600 	3210 	3570 	3630 	2840 	2000 	: 
A,TOTAL,TOTAL,A5000,HLD,EE	12510 	8320 	4970 	3790 	2170 	1400 	1260 
A,TOTAL,TOTAL,A5000,HLD,EL	349880 	305700 	215370 	189250 	176840 	72550 	72450 
A,TOTAL,TOTAL,A5000,HLD,ES	196870 	189180 	96960 	78650 	68790 	18540 	17880 i
A,TOTAL,TOTAL,A5000,HLD,EU27_2020	: 	6636430 	4944080 	4448970 	3973710 	2659260 	: 
A,TOTAL,TOTAL,A5000,HLD,FI	1920 	1580 	1270 	1210 	610 	1200 	: 
A,TOTAL,TOTAL,A5000,HLD,FR	163280 	134580 	99110 	70230 	43900 	32140 	21400 
A,TOTAL,TOTAL,A5000,HLD,HR	: 	148560 	171300 	104990 	66140 	58520 	57780 
A,TOTAL,TOTAL,A5000,HLD,HU	394070 	334850 	312310 	250880 	188910 	78030 	48960 
A,TOTAL,TOTAL,A5000,HLD,IE	9950 	8330 	8520 	8080 	9040 	5570 	: 
A,TOTAL,TOTAL,A5000,HLD,IS	: 	: 	380 	: 	: 	180 	: 
A,TOTAL,TOTAL,A5000,HLD,IT	74640 	75450 	23950 	14850 	15430 	57090 	: 
A,TOTAL,TOTAL,A5000,HLD,LT	172510 	130330 	84250 	74510 	50420 	47630 	36800 i
A,TOTAL,TOTAL,A5000,HLD,LU	620 	460 	440 	400 	400 	390 	370 
A,TOTAL,TOTAL,A5000,HLD,LV	60410 	47200 	28290 	21870 	27490 	10120 	: 
A,TOTAL,TOTAL,A5000,HLD,ME	: 	: 	16310 	: 	: 	: 	: 
A,TOTAL,TOTAL,A5000,HLD,MK	: 	: 	: 	63220 	: 	: 	: 
A,TOTAL,TOTAL,A5000,HLD,MT	1100 	1230 	860 	990 	700 	560 	140 
A,TOTAL,TOTAL,A5000,HLD,NL	3060 	2870 	2570 	2190 	2050 	1850 	1750 
A,TOTAL,TOTAL,A5000,HLD,NO	3100 	2460 	2370 	2630 	2820 	1950 	: 
A,TOTAL,TOTAL,A5000,HLD,PL	1319520 	1284590 	680790 	575270 	506680 	360620 	: 
A,TOTAL,TOTAL,A5000,HLD,PT	193250 	160440 	161090 	132650 	131080 	100490 	107910 
A,TOTAL,TOTAL,A5000,HLD,RO	3296010 	3228920 	2680020 	2623310 	2445560 	1642370 	1823480 
A,TOTAL,TOTAL,A5000,HLD,RS	: 	: 	413790 	: 	: 	: 	: 
A,TOTAL,TOTAL,A5000,HLD,SE	5310 	4500 	3900 	4340 	3060 	2650 	4390 
A,TOTAL,TOTAL,A5000,HLD,SI	45510 	39790 	36240 	36660 	37840 	27120 	: 
A,TOTAL,TOTAL,A5000,HLD,SK	43590 	42160 	10430 	7760 	7390 	3510 	3010 
A,TOTAL,TOTAL,A5000,HLD,UK	42450 	31080 	28910 	30290 	27620 	: 	: 
A,TOTAL,TOTAL,A6111,HLD,AT	0 	0 	0 	0 	: 	0 	0 
A,TOTAL,TOTAL,A6111,HLD,BE	700 	610 	560 	: 	: 	0 	: 
A,TOTAL,TOTAL,A6111,HLD,BG	33810 	23570 	23700 	12300 	6180 	2710 	2040 i
A,TOTAL,TOTAL,A6111,HLD,CH	4470 	3920 	3280 	: 	720 	670 	: 
A,TOTAL,TOTAL,A6111,HLD,CY	4480 	4260 	3980 	4160 	3650 	2280 	1700 
A,TOTAL,TOTAL,A6111,HLD,CZ	5080 	5040 	950 	1870 	1970 	730 	780 
A,TOTAL,TOTAL,A6111,HLD,DE	: 	: 	: 	: 	: 	0 	0 
A,TOTAL,TOTAL,A6111,HLD,DK	0 	0 	210 	250 	80 	90 	: 
A,TOTAL,TOTAL,A6111,HLD,EE	1560 	930 	550 	500 	240 	70 	50 
A,TOTAL,TOTAL,A6111,HLD,EL	44800 	41130 	27960 	21300 	21150 	8780 	8640 
A,TOTAL,TOTAL,A6111,HLD,ES	45000 	44470 	24950 	18490 	15320 	2820 	2400 i
A,TOTAL,TOTAL,A6111,HLD,EU27_2020	: 	544300 	373110 	278920 	236550 	131600 	: 
A,TOTAL,TOTAL,A6111,HLD,FI	0 	0 	0 	: 	: 	0 	: 
A,TOTAL,TOTAL,A6111,HLD,FR	56100 	45460 	30790 	15680 	7900 	3580 	4810 
A,TOTAL,TOTAL,A6111,HLD,HR	: 	15800 	13080 	6430 	4570 	2570 	1520 
A,TOTAL,TOTAL,A6111,HLD,HU	20490 	17300 	24250 	20920 	13620 	6120 	3250 
A,TOTAL,TOTAL,A6111,HLD,IE	0 	0 	0 	0 	0 	0 	: 
A,TOTAL,TOTAL,A6111,HLD,IS	: 	: 	: 	: 	: 	0 	: 
A,TOTAL,TOTAL,A6111,HLD,IT	26870 	25610 	7470 	5180 	4220 	15040 	: 
A,TOTAL,TOTAL,A6111,HLD,LT	25530 	15430 	8600 	5900 	6070 	4240 	3090 i
A,TOTAL,TOTAL,A6111,HLD,LU	210 	150 	130 	120 	100 	70 	50 
A,TOTAL,TOTAL,A6111,HLD,LV	12970 	9320 	520 	680 	760 	1870 	: 
A,TOTAL,TOTAL,A6111,HLD,ME	: 	: 	150 	: 	: 	: 	: 
A,TOTAL,TOTAL,A6111,HLD,MK	: 	: 	: 	1950 	: 	: 	: 
A,TOTAL,TOTAL,A6111,HLD,MT	1480 	1270 	930 	1220 	850 	480 	230 
A,TOTAL,TOTAL,A6111,HLD,NL	110 	100 	70 	50 	40 	30 	30 
A,TOTAL,TOTAL,A6111,HLD,NO	480 	450 	430 	390 	300 	0 	: 
A,TOTAL,TOTAL,A6111,HLD,PL	196230 	195770 	94510 	74550 	56760 	28090 	: 
A,TOTAL,TOTAL,A6111,HLD,PT	59080 	50330 	54640 	44790 	39170 	22590 	23420 
A,TOTAL,TOTAL,A6111,HLD,RO	61160 	35480 	48310 	35640 	44800 	25780 	24890 
A,TOTAL,TOTAL,A6111,HLD,RS	: 	: 	9970 	: 	: 	: 	: 
A,TOTAL,TOTAL,A6111,HLD,SE	0 	0 	0 	0 	: 	0 	0 
A,TOTAL,TOTAL,A6111,HLD,SI	7300 	6620 	5910 	7500 	7590 	3060 	: 
A,TOTAL,TOTAL,A6111,HLD,SK	5470 	5650 	1040 	1390 	1520 	610 	580 
A,TOTAL,TOTAL,A6111,HLD,UK	: 	: 	0 	0 	0 	: 	: 
A,TOTAL,TOTAL,A6710R,HLD,AT	0 	0 	4730 	0 	: 	4490 	4560 
A,TOTAL,TOTAL,A6710R,HLD,BE	380 	320 	270 	: 	: 	0 	: 
A,TOTAL,TOTAL,A6710R,HLD,BG	25960 	21270 	23980 	15750 	14750 	11240 	11910 i
A,TOTAL,TOTAL,A6710R,HLD,CH	3120 	2860 	1160 	: 	2200 	2400 	: 
A,TOTAL,TOTAL,A6710R,HLD,CY	240 	240 	220 	260 	270 	330 	350 
A,TOTAL,TOTAL,A6710R,HLD,CZ	1440 	1360 	530 	930 	1070 	540 	730 
A,TOTAL,TOTAL,A6710R,HLD,DE	: 	: 	: 	: 	: 	0 	0 
A,TOTAL,TOTAL,A6710R,HLD,DK	0 	0 	650 	680 	730 	320 	: 
A,TOTAL,TOTAL,A6710R,HLD,EE	2730 	2420 	2120 	1650 	1400 	740 	730 
A,TOTAL,TOTAL,A6710R,HLD,EL	11280 	10330 	10550 	9330 	9020 	8700 	9440 
A,TOTAL,TOTAL,A6710R,HLD,ES	12160 	12360 	8100 	7870 	8940 	6680 	6920 i
A,TOTAL,TOTAL,A6710R,HLD,EU27_2020	: 	193760 	177620 	146810 	147120 	150320 	: 
A,TOTAL,TOTAL,A6710R,HLD,FI	0 	0 	0 	: 	: 	0 	: 
A,TOTAL,TOTAL,A6710R,HLD,FR	12640 	10430 	12560 	10420 	8940 	4430 	4320 
A,TOTAL,TOTAL,A6710R,HLD,HR	: 	3450 	3960 	5560 	5820 	8630 	7280 
A,TOTAL,TOTAL,A6710R,HLD,HU	9140 	8770 	10510 	11590 	13840 	6630 	4470 
A,TOTAL,TOTAL,A6710R,HLD,IE	0 	0 	0 	: 	0 	0 	: 
A,TOTAL,TOTAL,A6710R,HLD,IS	: 	: 	: 	: 	: 	0 	: 
A,TOTAL,TOTAL,A6710R,HLD,IT	7350 	7280 	6400 	3690 	4750 	22610 	: 
A,TOTAL,TOTAL,A6710R,HLD,LT	11010 	12790 	8490 	7710 	9410 	10510 	9680 i
A,TOTAL,TOTAL,A6710R,HLD,LU	30 	30 	30 	20 	30 	30 	30 
A,TOTAL,TOTAL,A6710R,HLD,LV	8940 	8140 	1380 	3000 	2600 	3520 	: 
A,TOTAL,TOTAL,A6710R,HLD,ME	: 	: 	2530 	: 	: 	: 	: 
A,TOTAL,TOTAL,A6710R,HLD,MK	: 	: 	: 	4130 	: 	: 	: 
A,TOTAL,TOTAL,A6710R,HLD,MT	: 	: 	120 	90 	140 	340 	220 
A,TOTAL,TOTAL,A6710R,HLD,NL	0 	0 	0 	: 	: 	0 	0 
A,TOTAL,TOTAL,A6710R,HLD,NO	: 	: 	620 	550 	740 	1050 	: 
A,TOTAL,TOTAL,A6710R,HLD,PL	39630 	40440 	28520 	20530 	23640 	18970 	: 
A,TOTAL,TOTAL,A6710R,HLD,PT	12230 	10030 	8810 	8080 	8700 	10700 	10010 
A,TOTAL,TOTAL,A6710R,HLD,RO	52400 	39740 	42860 	37060 	29400 	27240 	26640 
A,TOTAL,TOTAL,A6710R,HLD,RS	: 	: 	31290 	: 	: 	: 	: 
A,TOTAL,TOTAL,A6710R,HLD,SE	: 	: 	0 	: 	: 	0 	0 
A,TOTAL,TOTAL,A6710R,HLD,SI	2150 	1820 	2390 	2110 	3010 	3280 	: 
A,TOTAL,TOTAL,A6710R,HLD,SK	1510 	2540 	460 	460 	670 	400 	380 
